id,firstname,lastname,email
100,Nanete,Yusuk,Nanete.Yusuk@yopmail.com
101,Henriette,Telfer,Henriette.Telfer@yopmail.com
102,Deloria,Daegal,Deloria.Daegal@yopmail.com
103,Elmira,Jena,Elmira.Jena@yopmail.com
104,Diena,Soneson,Diena.Soneson@yopmail.com
105,Kathy,Waldron,Kathy.Waldron@yopmail.com
106,Jasmina,Peg,Jasmina.Peg@yopmail.com
107,Ermengarde,Minetta,Ermengarde.Minetta@yopmail.com
108,Orsola,Grimbly,Orsola.Grimbly@yopmail.com
109,Carilyn,Honoria,Carilyn.Honoria@yopmail.com
110,Jobi,Bartlett,Jobi.Bartlett@yopmail.com
111,Delilah,Sikorski,Delilah.Sikorski@yopmail.com
112,Brooks,Poppy,Brooks.Poppy@yopmail.com
113,Lory,Schwejda,Lory.Schwejda@yopmail.com
114,Blake,Alwin,Blake.Alwin@yopmail.com
115,Ericka,Blake,Ericka.Blake@yopmail.com
116,Florie,Linehan,Florie.Linehan@yopmail.com
117,Michaelina,Llovera,Michaelina.Llovera@yopmail.com
118,Fred,Pauly,Fred.Pauly@yopmail.com
119,Corry,Holbrook,Corry.Holbrook@yopmail.com
120,Genovera,Winthorpe,Genovera.Winthorpe@yopmail.com
121,Kimmy,Bates,Kimmy.Bates@yopmail.com
122,Teddie,Tiffa,Teddie.Tiffa@yopmail.com
123,Gertrud,Brandice,Gertrud.Brandice@yopmail.com
124,Linet,Dorothy,Linet.Dorothy@yopmail.com
125,Ayn,Podvin,Ayn.Podvin@yopmail.com
126,Chloris,Nerita,Chloris.Nerita@yopmail.com
127,Vanessa,Salvidor,Vanessa.Salvidor@yopmail.com
128,Magdalena,Kalinda,Magdalena.Kalinda@yopmail.com
129,Edee,Horan,Edee.Horan@yopmail.com
130,Teriann,Pearse,Teriann.Pearse@yopmail.com
131,Sue,Merriott,Sue.Merriott@yopmail.com
132,Di,Shaddock,Di.Shaddock@yopmail.com
133,Asia,Carleen,Asia.Carleen@yopmail.com
134,Berget,Montgomery,Berget.Montgomery@yopmail.com
135,Flo,Podvin,Flo.Podvin@yopmail.com
136,Gaylene,Fleeta,Gaylene.Fleeta@yopmail.com
137,Fayre,Swigart,Fayre.Swigart@yopmail.com
138,Berget,Eugenia,Berget.Eugenia@yopmail.com
139,Karly,Sasnett,Karly.Sasnett@yopmail.com
140,Lusa,Chaing,Lusa.Chaing@yopmail.com
141,Edee,Sherfield,Edee.Sherfield@yopmail.com
142,Annecorinne,Seagraves,Annecorinne.Seagraves@yopmail.com
143,Gabriellia,Eldrid,Gabriellia.Eldrid@yopmail.com
144,Jillayne,Rillings,Jillayne.Rillings@yopmail.com
145,Valeda,Geffner,Valeda.Geffner@yopmail.com
146,Imojean,Syd,Imojean.Syd@yopmail.com
147,Belva,Fillbert,Belva.Fillbert@yopmail.com
148,Karlee,Sandye,Karlee.Sandye@yopmail.com
149,Adore,Wittie,Adore.Wittie@yopmail.com